Date,股票代號,股票名稱,持有股數,權重
2026-01-08,2330,台灣積體電路製造,524000,9.26
2026-01-08,2317,鴻海精密工業,1719000,4.14
2026-01-08,2308,台達電子工業,380000,4.02
2026-01-08,6669,緯穎科技服務,68000,3.31
2026-01-08,2454,聯發科技,207000,3.14
2026-01-08,2368,金像電子（股）公司,414000,2.74
2026-01-08,3017,奇鋐科技,192000,2.73
2026-01-08,2059,川湖科技,81000,2.68
2026-01-08,2344,華邦電子,2288000,2.6
2026-01-08,2891,中國信託金融控股,4911000,2.54
2026-01-08,2881,富邦金融控股,2424575,2.47
2026-01-08,2382,廣達電腦,862000,2.47
2026-01-08,2345,智邦科技,184000,2.44
2026-01-08,8210,勤誠興業,253000,2.44
2026-01-08,3665,貿聯控股（BizLink Holding In,153336,2.27
2026-01-08,5439,高技企業,624000,2.04
2026-01-08,2383,台光電子材料,119000,1.93
2026-01-08,2408,南亞科技,756000,1.91
2026-01-08,3231,緯創資通,1179000,1.87
2026-01-08,6274,台燿科技,375000,1.84
2026-01-08,2884,玉山金融控股,5332622,1.83
2026-01-08,2360,致茂電子,186000,1.8
2026-01-08,3044,健鼎科技,514000,1.71
2026-01-08,6442,光紅建聖,119000,1.66
2026-01-08,3653,健策精密工業,63000,1.61
2026-01-08,3036,文曄科技,1032000,1.57
2026-01-08,1519,華城電機,200000,1.54
2026-01-08,6223,旺矽科技,68000,1.51
2026-01-08,6805,富世達,99000,1.42
2026-01-08,2449,京元電子,468000,1.29
2026-01-08,5234,達興材料,329000,1.27
2026-01-08,6515,穎崴科技,38000,1.26
2026-01-08,3293,鈊象電子,138000,1.06
2026-01-08,2027,大成不銹鋼工業,2598000,0.98
2026-01-08,1590,亞德客國際集團,87000,0.9
2026-01-08,5434,崇越科技,283000,0.89
2026-01-08,4749,新應材,92000,0.88
2026-01-08,6510,中華精測科技,36000,0.83
2026-01-08,6121,新普科技,218000,0.83
2026-01-08,2376,技嘉科技,319000,0.82
2026-01-08,5904,寶雅國際,173450,0.81
2026-01-08,3526,凡甲科技,310000,0.8
2026-01-08,4915,致伸科技,968000,0.78
2026-01-08,1504,東元電機,897000,0.77
2026-01-08,3661,世芯電子,17000,0.64
2026-01-08,2379,瑞昱半導體,111000,0.62
2026-01-08,6584,南俊國際,162000,0.55
2026-01-08,8114,振樺電子,275000,0.51
2026-01-08,6811,宏碁資訊服務,133000,0.29
2026-01-08,6561,是方電訊,51000,0.19
2026-01-08,3211,順達科技,52000,0.17
2026-01-09,2330,台灣積體電路製造,524000,9.24
2026-01-09,2317,鴻海精密工業,1719000,4.16
2026-01-09,2308,台達電子工業,380000,4.05
2026-01-09,2454,聯發科技,207000,3.09
2026-01-09,6669,緯穎科技服務,68000,3.03
2026-01-09,2059,川湖科技,81000,2.82
2026-01-09,2368,金像電子（股）公司,414000,2.77
2026-01-09,3017,奇鋐科技,192000,2.77
2026-01-09,2891,中國信託金融控股,4911000,2.56
2026-01-09,2382,廣達電腦,862000,2.56
2026-01-09,2881,富邦金融控股,2424575,2.43
2026-01-09,8210,勤誠興業,253000,2.42
2026-01-09,2344,華邦電子,2288000,2.35
2026-01-09,2345,智邦科技,184000,2.35
2026-01-09,3665,貿聯控股（BizLink Holding In,153336,2.29
2026-01-09,5439,高技企業,624000,2.04
2026-01-09,2383,台光電子材料,119000,1.95
2026-01-09,3231,緯創資通,1179000,1.84
2026-01-09,2884,玉山金融控股,5332622,1.84
2026-01-09,6274,台燿科技,375000,1.83
2026-01-09,2360,致茂電子,186000,1.8
2026-01-09,6442,光紅建聖,119000,1.75
2026-01-09,2408,南亞科技,756000,1.73
2026-01-09,3044,健鼎科技,514000,1.72
2026-01-09,3653,健策精密工業,63000,1.7
2026-01-09,1519,華城電機,200000,1.65
2026-01-09,3036,文曄科技,1032000,1.59
2026-01-09,6223,旺矽科技,68000,1.59
2026-01-09,6805,富世達,99000,1.42
2026-01-09,6515,穎崴科技,38000,1.39
2026-01-09,2449,京元電子,468000,1.29
2026-01-09,5234,達興材料,329000,1.26
2026-01-09,3293,鈊象電子,138000,1.06
2026-01-09,2027,大成不銹鋼工業,2598000,0.97
2026-01-09,1590,亞德客國際集團,87000,0.91
2026-01-09,5434,崇越科技,283000,0.9
2026-01-09,4749,新應材,92000,0.89
2026-01-09,6121,新普科技,218000,0.84
2026-01-09,6510,中華精測科技,36000,0.83
2026-01-09,4915,致伸科技,968000,0.81
2026-01-09,3526,凡甲科技,310000,0.81
2026-01-09,2376,技嘉科技,319000,0.8
2026-01-09,5904,寶雅國際,173450,0.8
2026-01-09,1504,東元電機,897000,0.79
2026-01-09,3661,世芯電子,17000,0.64
2026-01-09,2379,瑞昱半導體,111000,0.59
2026-01-09,6584,南俊國際,162000,0.54
2026-01-09,8114,振樺電子,275000,0.53
2026-01-09,6811,宏碁資訊服務,133000,0.3
2026-01-09,6561,是方電訊,51000,0.19
2026-01-09,3211,順達科技,52000,0.16
2026-01-11,2330,台灣積體電路製造,524000,9.24
2026-01-11,2317,鴻海精密工業,1719000,4.16
2026-01-11,2308,台達電子工業,380000,4.05
2026-01-11,2454,聯發科技,207000,3.09
2026-01-11,6669,緯穎科技服務,68000,3.03
2026-01-11,2059,川湖科技,81000,2.82
2026-01-11,2368,金像電子（股）公司,414000,2.77
2026-01-11,3017,奇鋐科技,192000,2.77
2026-01-11,2891,中國信託金融控股,4911000,2.56
2026-01-11,2382,廣達電腦,862000,2.56
2026-01-11,2881,富邦金融控股,2424575,2.43
2026-01-11,8210,勤誠興業,253000,2.42
2026-01-11,2344,華邦電子,2288000,2.35
2026-01-11,2345,智邦科技,184000,2.35
2026-01-11,3665,貿聯控股（BizLink Holding In,153336,2.29
2026-01-11,5439,高技企業,624000,2.04
2026-01-11,2383,台光電子材料,119000,1.95
2026-01-11,3231,緯創資通,1179000,1.84
2026-01-11,2884,玉山金融控股,5332622,1.84
2026-01-11,6274,台燿科技,375000,1.83
2026-01-11,2360,致茂電子,186000,1.8
2026-01-11,6442,光紅建聖,119000,1.75
2026-01-11,2408,南亞科技,756000,1.73
2026-01-11,3044,健鼎科技,514000,1.72
2026-01-11,3653,健策精密工業,63000,1.7
2026-01-11,1519,華城電機,200000,1.65
2026-01-11,3036,文曄科技,1032000,1.59
2026-01-11,6223,旺矽科技,68000,1.59
2026-01-11,6805,富世達,99000,1.42
2026-01-11,6515,穎崴科技,38000,1.39
2026-01-11,2449,京元電子,468000,1.29
2026-01-11,5234,達興材料,329000,1.26
2026-01-11,3293,鈊象電子,138000,1.06
2026-01-11,2027,大成不銹鋼工業,2598000,0.97
2026-01-11,1590,亞德客國際集團,87000,0.91
2026-01-11,5434,崇越科技,283000,0.9
2026-01-11,4749,新應材,92000,0.89
2026-01-11,6121,新普科技,218000,0.84
2026-01-11,6510,中華精測科技,36000,0.83
2026-01-11,4915,致伸科技,968000,0.81
2026-01-11,3526,凡甲科技,310000,0.81
2026-01-11,2376,技嘉科技,319000,0.8
2026-01-11,5904,寶雅國際,173450,0.8
2026-01-11,1504,東元電機,897000,0.79
2026-01-11,3661,世芯電子,17000,0.64
2026-01-11,2379,瑞昱半導體,111000,0.59
2026-01-11,6584,南俊國際,162000,0.54
2026-01-11,8114,振樺電子,275000,0.53
2026-01-11,6811,宏碁資訊服務,133000,0.3
2026-01-11,6561,是方電訊,51000,0.19
2026-01-11,3211,順達科技,52000,0.16
2026-01-12,2330,台灣積體電路製造,524000,9.24
2026-01-12,2308,台達電子工業,380000,4.18
2026-01-12,2317,鴻海精密工業,1719000,4.1
2026-01-12,2454,聯發科技,207000,3.12
2026-01-12,6669,緯穎科技服務,68000,2.9
2026-01-12,2368,金像電子（股）公司,414000,2.88
2026-01-12,2059,川湖科技,81000,2.84
2026-01-12,3017,奇鋐科技,192000,2.71
2026-01-12,2891,中國信託金融控股,4911000,2.56
2026-01-12,2382,廣達電腦,862000,2.52
2026-01-12,2344,華邦電子,2288000,2.43
2026-01-12,2881,富邦金融控股,2424575,2.4
2026-01-12,8210,勤誠興業,253000,2.4
2026-01-12,2345,智邦科技,184000,2.31
2026-01-12,3665,貿聯控股（BizLink Holding In,153336,2.23
2026-01-12,5439,高技企業,624000,2.08
2026-01-12,2383,台光電子材料,119000,2.0
2026-01-12,2408,南亞科技,756000,1.88
2026-01-12,6274,台燿科技,375000,1.86
2026-01-12,2360,致茂電子,186000,1.85
2026-01-12,2884,玉山金融控股,5332622,1.81
2026-01-12,3231,緯創資通,1179000,1.8
2026-01-12,6442,光紅建聖,119000,1.76
2026-01-12,1519,華城電機,200000,1.7
2026-01-12,3044,健鼎科技,514000,1.68
2026-01-12,3653,健策精密工業,63000,1.67
2026-01-12,6223,旺矽科技,68000,1.56
2026-01-12,3036,文曄科技,1032000,1.55
2026-01-12,6515,穎崴科技,38000,1.38
2026-01-12,6805,富世達,99000,1.37
2026-01-12,2449,京元電子,468000,1.32
2026-01-12,5234,達興材料,329000,1.22
2026-01-12,3293,鈊象電子,138000,1.07
2026-01-12,2027,大成不銹鋼工業,2598000,0.99
2026-01-12,5434,崇越科技,283000,0.9
2026-01-12,4749,新應材,92000,0.89
2026-01-12,1590,亞德客國際集團,87000,0.88
2026-01-12,6510,中華精測科技,36000,0.82
2026-01-12,6121,新普科技,218000,0.82
2026-01-12,4915,致伸科技,968000,0.81
2026-01-12,3526,凡甲科技,310000,0.8
2026-01-12,5904,寶雅國際,173450,0.8
2026-01-12,1504,東元電機,897000,0.78
2026-01-12,2376,技嘉科技,319000,0.78
2026-01-12,3661,世芯電子,17000,0.64
2026-01-12,2379,瑞昱半導體,111000,0.62
2026-01-12,8114,振樺電子,275000,0.55
2026-01-12,6584,南俊國際,162000,0.54
2026-01-12,6811,宏碁資訊服務,133000,0.3
2026-01-12,6561,是方電訊,51000,0.19
2026-01-12,3211,順達科技,52000,0.16
2026-01-13,2330,台灣積體電路製造,524000,9.4
2026-01-13,2308,台達電子工業,380000,4.11
2026-01-13,2317,鴻海精密工業,1719000,4.09
2026-01-13,2454,聯發科技,207000,3.23
2026-01-13,2368,金像電子（股）公司,414000,2.85
2026-01-13,2059,川湖科技,81000,2.81
2026-01-13,6669,緯穎科技服務,68000,2.78
2026-01-13,3017,奇鋐科技,192000,2.71
2026-01-13,2891,中國信託金融控股,4911000,2.56
2026-01-13,8210,勤誠興業,253000,2.53
2026-01-13,2382,廣達電腦,862000,2.52
2026-01-13,2344,華邦電子,2288000,2.4
2026-01-13,2881,富邦金融控股,2424575,2.4
2026-01-13,3665,貿聯控股（BizLink Holding In,153336,2.28
2026-01-13,2345,智邦科技,184000,2.28
2026-01-13,2383,台光電子材料,119000,2.04
2026-01-13,5439,高技企業,624000,2.03
2026-01-13,2360,致茂電子,186000,1.92
2026-01-13,6274,台燿科技,375000,1.88
2026-01-13,2408,南亞科技,756000,1.82
2026-01-13,2884,玉山金融控股,5332622,1.81
2026-01-13,3231,緯創資通,1179000,1.78
2026-01-13,1519,華城電機,200000,1.7
2026-01-13,3044,健鼎科技,514000,1.68
2026-01-13,6442,光紅建聖,119000,1.67
2026-01-13,3036,文曄科技,1032000,1.64
2026-01-13,6223,旺矽科技,68000,1.62
2026-01-13,3653,健策精密工業,63000,1.58
2026-01-13,6515,穎崴科技,38000,1.38
2026-01-13,6805,富世達,99000,1.35
2026-01-13,2449,京元電子,468000,1.33
2026-01-13,5234,達興材料,329000,1.27
2026-01-13,3293,鈊象電子,138000,1.07
2026-01-13,2027,大成不銹鋼工業,2598000,1.0
2026-01-13,1590,亞德客國際集團,87000,0.91
2026-01-13,5434,崇越科技,283000,0.91
2026-01-13,4749,新應材,92000,0.89
2026-01-13,6510,中華精測科技,36000,0.86
2026-01-13,6121,新普科技,218000,0.83
2026-01-13,4915,致伸科技,968000,0.81
2026-01-13,3526,凡甲科技,310000,0.8
2026-01-13,5904,寶雅國際,173450,0.8
2026-01-13,2376,技嘉科技,319000,0.79
2026-01-13,1504,東元電機,897000,0.77
2026-01-13,2379,瑞昱半導體,111000,0.67
2026-01-13,3661,世芯電子,17000,0.66
2026-01-13,8114,振樺電子,275000,0.54
2026-01-13,6584,南俊國際,162000,0.53
2026-01-13,6811,宏碁資訊服務,133000,0.3
2026-01-13,6561,是方電訊,51000,0.19
2026-01-13,3211,順達科技,52000,0.16
2026-01-14,2330,台灣積體電路製造,524000,9.29
2026-01-14,2317,鴻海精密工業,1719000,4.18
2026-01-14,2308,台達電子工業,380000,4.17
2026-01-14,2454,聯發科技,207000,3.22
2026-01-14,2368,金像電子（股）公司,414000,2.91
2026-01-14,3017,奇鋐科技,192000,2.83
2026-01-14,2059,川湖科技,81000,2.81
2026-01-14,6669,緯穎科技服務,68000,2.79
2026-01-14,8210,勤誠興業,253000,2.57
2026-01-14,2382,廣達電腦,862000,2.55
2026-01-14,2891,中國信託金融控股,4911000,2.51
2026-01-14,3665,貿聯控股（BizLink Holding In,153336,2.38
2026-01-14,2344,華邦電子,2288000,2.37
2026-01-14,2881,富邦金融控股,2424575,2.36
2026-01-14,2345,智邦科技,184000,2.32
2026-01-14,2383,台光電子材料,119000,2.06
2026-01-14,5439,高技企業,624000,1.99
2026-01-14,2360,致茂電子,186000,1.91
2026-01-14,6274,台燿科技,375000,1.88
2026-01-14,1519,華城電機,200000,1.85
2026-01-14,2408,南亞科技,756000,1.85
2026-01-14,2884,玉山金融控股,5332622,1.78
2026-01-14,3231,緯創資通,1179000,1.78
2026-01-14,3044,健鼎科技,514000,1.7
2026-01-14,6442,光紅建聖,119000,1.68
2026-01-14,6223,旺矽科技,68000,1.65
2026-01-14,3036,文曄科技,1032000,1.65
2026-01-14,3653,健策精密工業,63000,1.6
2026-01-14,6515,穎崴科技,38000,1.38
2026-01-14,6805,富世達,99000,1.33
2026-01-14,2449,京元電子,468000,1.31
2026-01-14,5234,達興材料,329000,1.24
2026-01-14,3293,鈊象電子,138000,1.08
2026-01-14,2027,大成不銹鋼工業,2598000,0.99
2026-01-14,5434,崇越科技,283000,0.95
2026-01-14,1590,亞德客國際集團,87000,0.9
2026-01-14,6510,中華精測科技,36000,0.9
2026-01-14,4749,新應材,92000,0.87
2026-01-14,1504,東元電機,897000,0.84
2026-01-14,6121,新普科技,218000,0.83
2026-01-14,2376,技嘉科技,319000,0.82
2026-01-14,4915,致伸科技,968000,0.8
2026-01-14,3526,凡甲科技,310000,0.8
2026-01-14,5904,寶雅國際,173450,0.79
2026-01-14,3661,世芯電子,17000,0.61
2026-01-14,2379,瑞昱半導體,111000,0.61
2026-01-14,8114,振樺電子,275000,0.57
2026-01-14,6584,南俊國際,162000,0.52
2026-01-14,6811,宏碁資訊服務,133000,0.29
2026-01-14,6561,是方電訊,51000,0.19
2026-01-14,3211,順達科技,52000,0.16
2026-01-15,2330,台灣積體電路製造,524000,9.26
2026-01-15,2317,鴻海精密工業,1719000,4.2
2026-01-15,2308,台達電子工業,380000,4.15
2026-01-15,2454,聯發科技,207000,3.23
2026-01-15,2368,金像電子（股）公司,414000,2.89
2026-01-15,2059,川湖科技,81000,2.88
2026-01-15,6669,緯穎科技服務,68000,2.81
2026-01-15,3017,奇鋐科技,192000,2.77
2026-01-15,2891,中國信託金融控股,4911000,2.59
2026-01-15,2382,廣達電腦,862000,2.55
2026-01-15,8210,勤誠興業,253000,2.47
2026-01-15,2345,智邦科技,184000,2.39
2026-01-15,2881,富邦金融控股,2424575,2.39
2026-01-15,2344,華邦電子,2288000,2.37
2026-01-15,3665,貿聯控股（BizLink Holding In,153336,2.36
2026-01-15,5439,高技企業,624000,2.03
2026-01-15,2383,台光電子材料,119000,1.95
2026-01-15,1519,華城電機,200000,1.9
2026-01-15,6274,台燿科技,375000,1.89
2026-01-15,2408,南亞科技,756000,1.88
2026-01-15,2360,致茂電子,186000,1.88
2026-01-15,2884,玉山金融控股,5332622,1.81
2026-01-15,3231,緯創資通,1179000,1.77
2026-01-15,3044,健鼎科技,514000,1.72
2026-01-15,3036,文曄科技,1032000,1.64
2026-01-15,6442,光紅建聖,119000,1.64
2026-01-15,6223,旺矽科技,68000,1.59
2026-01-15,3653,健策精密工業,63000,1.57
2026-01-15,6515,穎崴科技,38000,1.37
2026-01-15,6805,富世達,99000,1.33
2026-01-15,2449,京元電子,468000,1.31
2026-01-15,5234,達興材料,329000,1.26
2026-01-15,3293,鈊象電子,138000,1.09
2026-01-15,2027,大成不銹鋼工業,2598000,1.01
2026-01-15,5434,崇越科技,283000,0.98
2026-01-15,1590,亞德客國際集團,87000,0.92
2026-01-15,6510,中華精測科技,36000,0.89
2026-01-15,4749,新應材,92000,0.87
2026-01-15,2376,技嘉科技,319000,0.82
2026-01-15,6121,新普科技,218000,0.82
2026-01-15,3526,凡甲科技,310000,0.81
2026-01-15,4915,致伸科技,968000,0.8
2026-01-15,1504,東元電機,897000,0.8
2026-01-15,5904,寶雅國際,173450,0.79
2026-01-15,2379,瑞昱半導體,111000,0.6
2026-01-15,3661,世芯電子,17000,0.59
2026-01-15,8114,振樺電子,275000,0.57
2026-01-15,6584,南俊國際,162000,0.53
2026-01-15,6811,宏碁資訊服務,133000,0.29
2026-01-15,6561,是方電訊,51000,0.19
2026-01-15,3211,順達科技,52000,0.16
2026-01-16,2330,台灣積體電路製造,524000,9.48
2026-01-16,2308,台達電子工業,380000,4.45
2026-01-16,2317,鴻海精密工業,1719000,4.19
2026-01-16,2454,聯發科技,207000,3.24
2026-01-16,2368,金像電子（股）公司,414000,2.92
2026-01-16,2059,川湖科技,81000,2.87
2026-01-16,3017,奇鋐科技,192000,2.72
2026-01-16,6669,緯穎科技服務,68000,2.71
2026-01-16,2382,廣達電腦,862000,2.6
2026-01-16,2891,中國信託金融控股,4911000,2.58
2026-01-16,2344,華邦電子,2288000,2.53
2026-01-16,8210,勤誠興業,253000,2.44
2026-01-16,2881,富邦金融控股,2424575,2.4
2026-01-16,2345,智邦科技,184000,2.35
2026-01-16,3665,貿聯控股（BizLink Holding In,153336,2.23
2026-01-16,1519,華城電機,200000,2.01
2026-01-16,2383,台光電子材料,119000,2.01
2026-01-16,2408,南亞科技,756000,1.97
2026-01-16,5439,高技企業,624000,1.97
2026-01-16,6274,台燿科技,375000,1.92
2026-01-16,2360,致茂電子,186000,1.91
2026-01-16,2884,玉山金融控股,5332622,1.81
2026-01-16,3231,緯創資通,1179000,1.78
2026-01-16,3044,健鼎科技,514000,1.7
2026-01-16,6223,旺矽科技,68000,1.63
2026-01-16,3036,文曄科技,1032000,1.6
2026-01-16,3653,健策精密工業,63000,1.58
2026-01-16,6442,光紅建聖,119000,1.55
2026-01-16,6515,穎崴科技,38000,1.4
2026-01-16,6805,富世達,99000,1.36
2026-01-16,2449,京元電子,468000,1.33
2026-01-16,5234,達興材料,329000,1.22
2026-01-16,3293,鈊象電子,138000,1.08
2026-01-16,5434,崇越科技,283000,0.99
2026-01-16,2027,大成不銹鋼工業,2598000,0.99
2026-01-16,1590,亞德客國際集團,87000,0.92
2026-01-16,6510,中華精測科技,36000,0.9
2026-01-16,4749,新應材,92000,0.85
2026-01-16,1504,東元電機,897000,0.83
2026-01-16,2376,技嘉科技,319000,0.82
2026-01-16,6121,新普科技,218000,0.81
2026-01-16,4915,致伸科技,968000,0.8
2026-01-16,3526,凡甲科技,310000,0.8
2026-01-16,5904,寶雅國際,173450,0.77
2026-01-16,3661,世芯電子,17000,0.59
2026-01-16,2379,瑞昱半導體,111000,0.59
2026-01-16,8114,振樺電子,275000,0.57
2026-01-16,6584,南俊國際,162000,0.52
2026-01-16,6811,宏碁資訊服務,133000,0.29
2026-01-16,6561,是方電訊,51000,0.18
2026-01-16,3211,順達科技,52000,0.15
2026-01-17,2330,台灣積體電路製造,524000,9.48
2026-01-17,2308,台達電子工業,380000,4.45
2026-01-17,2317,鴻海精密工業,1719000,4.19
2026-01-17,2454,聯發科技,207000,3.24
2026-01-17,2368,金像電子（股）公司,414000,2.92
2026-01-17,2059,川湖科技,81000,2.87
2026-01-17,3017,奇鋐科技,192000,2.72
2026-01-17,6669,緯穎科技服務,68000,2.71
2026-01-17,2382,廣達電腦,862000,2.6
2026-01-17,2891,中國信託金融控股,4911000,2.58
2026-01-17,2344,華邦電子,2288000,2.53
2026-01-17,8210,勤誠興業,253000,2.44
2026-01-17,2881,富邦金融控股,2424575,2.4
2026-01-17,2345,智邦科技,184000,2.35
2026-01-17,3665,貿聯控股（BizLink Holding In,153336,2.23
2026-01-17,1519,華城電機,200000,2.01
2026-01-17,2383,台光電子材料,119000,2.01
2026-01-17,2408,南亞科技,756000,1.97
2026-01-17,5439,高技企業,624000,1.97
2026-01-17,6274,台燿科技,375000,1.92
2026-01-17,2360,致茂電子,186000,1.91
2026-01-17,2884,玉山金融控股,5332622,1.81
2026-01-17,3231,緯創資通,1179000,1.78
2026-01-17,3044,健鼎科技,514000,1.7
2026-01-17,6223,旺矽科技,68000,1.63
2026-01-17,3036,文曄科技,1032000,1.6
2026-01-17,3653,健策精密工業,63000,1.58
2026-01-17,6442,光紅建聖,119000,1.55
2026-01-17,6515,穎崴科技,38000,1.4
2026-01-17,6805,富世達,99000,1.36
2026-01-17,2449,京元電子,468000,1.33
2026-01-17,5234,達興材料,329000,1.22
2026-01-17,3293,鈊象電子,138000,1.08
2026-01-17,5434,崇越科技,283000,0.99
2026-01-17,2027,大成不銹鋼工業,2598000,0.99
2026-01-17,1590,亞德客國際集團,87000,0.92
2026-01-17,6510,中華精測科技,36000,0.9
2026-01-17,4749,新應材,92000,0.85
2026-01-17,1504,東元電機,897000,0.83
2026-01-17,2376,技嘉科技,319000,0.82
2026-01-17,6121,新普科技,218000,0.81
2026-01-17,4915,致伸科技,968000,0.8
2026-01-17,3526,凡甲科技,310000,0.8
2026-01-17,5904,寶雅國際,173450,0.77
2026-01-17,3661,世芯電子,17000,0.59
2026-01-17,2379,瑞昱半導體,111000,0.59
2026-01-17,8114,振樺電子,275000,0.57
2026-01-17,6584,南俊國際,162000,0.52
2026-01-17,6811,宏碁資訊服務,133000,0.29
2026-01-17,6561,是方電訊,51000,0.18
2026-01-17,3211,順達科技,52000,0.15
2026-01-18,2330,台灣積體電路製造,524000,9.48
2026-01-18,2308,台達電子工業,380000,4.45
2026-01-18,2317,鴻海精密工業,1719000,4.19
2026-01-18,2454,聯發科技,207000,3.24
2026-01-18,2368,金像電子（股）公司,414000,2.92
2026-01-18,2059,川湖科技,81000,2.87
2026-01-18,3017,奇鋐科技,192000,2.72
2026-01-18,6669,緯穎科技服務,68000,2.71
2026-01-18,2382,廣達電腦,862000,2.6
2026-01-18,2891,中國信託金融控股,4911000,2.58
2026-01-18,2344,華邦電子,2288000,2.53
2026-01-18,8210,勤誠興業,253000,2.44
2026-01-18,2881,富邦金融控股,2424575,2.4
2026-01-18,2345,智邦科技,184000,2.35
2026-01-18,3665,貿聯控股（BizLink Holding In,153336,2.23
2026-01-18,1519,華城電機,200000,2.01
2026-01-18,2383,台光電子材料,119000,2.01
2026-01-18,2408,南亞科技,756000,1.97
2026-01-18,5439,高技企業,624000,1.97
2026-01-18,6274,台燿科技,375000,1.92
2026-01-18,2360,致茂電子,186000,1.91
2026-01-18,2884,玉山金融控股,5332622,1.81
2026-01-18,3231,緯創資通,1179000,1.78
2026-01-18,3044,健鼎科技,514000,1.7
2026-01-18,6223,旺矽科技,68000,1.63
2026-01-18,3036,文曄科技,1032000,1.6
2026-01-18,3653,健策精密工業,63000,1.58
2026-01-18,6442,光紅建聖,119000,1.55
2026-01-18,6515,穎崴科技,38000,1.4
2026-01-18,6805,富世達,99000,1.36
2026-01-18,2449,京元電子,468000,1.33
2026-01-18,5234,達興材料,329000,1.22
2026-01-18,3293,鈊象電子,138000,1.08
2026-01-18,5434,崇越科技,283000,0.99
2026-01-18,2027,大成不銹鋼工業,2598000,0.99
2026-01-18,1590,亞德客國際集團,87000,0.92
2026-01-18,6510,中華精測科技,36000,0.9
2026-01-18,4749,新應材,92000,0.85
2026-01-18,1504,東元電機,897000,0.83
2026-01-18,2376,技嘉科技,319000,0.82
2026-01-18,6121,新普科技,218000,0.81
2026-01-18,4915,致伸科技,968000,0.8
2026-01-18,3526,凡甲科技,310000,0.8
2026-01-18,5904,寶雅國際,173450,0.77
2026-01-18,3661,世芯電子,17000,0.59
2026-01-18,2379,瑞昱半導體,111000,0.59
2026-01-18,8114,振樺電子,275000,0.57
2026-01-18,6584,南俊國際,162000,0.52
2026-01-18,6811,宏碁資訊服務,133000,0.29
2026-01-18,6561,是方電訊,51000,0.18
2026-01-18,3211,順達科技,52000,0.15
2026-01-19,2330,台灣積體電路製造,514000,9.56
2026-01-19,2308,台達電子工業,373000,4.41
2026-01-19,2317,鴻海精密工業,1685000,4.09
2026-01-19,2454,聯發科技,203000,3.18
2026-01-19,2344,華邦電子,2243000,2.76
2026-01-19,2059,川湖科技,79000,2.76
2026-01-19,2368,金像電子（股）公司,406000,2.68
2026-01-19,6669,緯穎科技服務,67000,2.63
2026-01-19,2891,中國信託金融控股,4814000,2.6
2026-01-19,3017,奇鋐科技,188000,2.54
2026-01-19,2382,廣達電腦,845000,2.52
2026-01-19,2881,富邦金融控股,2376575,2.39
2026-01-19,8210,勤誠興業,248000,2.37
2026-01-19,2345,智邦科技,180000,2.22
2026-01-19,2408,南亞科技,741000,2.15
2026-01-19,3665,貿聯控股（BizLink Holding In,150336,2.09
2026-01-19,1519,華城電機,196000,1.99
2026-01-19,2383,台光電子材料,117000,1.95
2026-01-19,5439,高技企業,612000,1.88
2026-01-19,2360,致茂電子,182000,1.83
2026-01-19,6274,台燿科技,368000,1.83
2026-01-19,2884,玉山金融控股,5227622,1.82
2026-01-19,3231,緯創資通,1156000,1.69
2026-01-19,3044,健鼎科技,504000,1.66
2026-01-19,6223,旺矽科技,67000,1.64
2026-01-19,3036,文曄科技,1012000,1.59
2026-01-19,3653,健策精密工業,62000,1.59
2026-01-19,6442,光紅建聖,117000,1.53
2026-01-19,6515,穎崴科技,37000,1.35
2026-01-19,2449,京元電子,459000,1.32
2026-01-19,6805,富世達,97000,1.31
2026-01-19,5234,達興材料,323000,1.2
2026-01-19,3293,鈊象電子,135000,1.06
2026-01-19,2027,大成不銹鋼工業,2547000,0.99
2026-01-19,5434,崇越科技,277000,0.95
2026-01-19,1590,亞德客國際集團,85000,0.91
2026-01-19,6510,中華精測科技,35000,0.91
2026-01-19,1504,東元電機,879000,0.82
2026-01-19,4749,新應材,90000,0.82
2026-01-19,4915,致伸科技,949000,0.8
2026-01-19,3526,凡甲科技,304000,0.8
2026-01-19,6121,新普科技,214000,0.8
2026-01-19,2376,技嘉科技,313000,0.79
2026-01-19,5904,寶雅國際,170450,0.76
2026-01-19,3661,世芯電子,17000,0.62
2026-01-19,2379,瑞昱半導體,109000,0.59
2026-01-19,8114,振樺電子,270000,0.59
2026-01-19,6584,南俊國際,159000,0.51
2026-01-19,6811,宏碁資訊服務,130000,0.28
2026-01-19,6561,是方電訊,50000,0.19
2026-01-19,3211,順達科技,51000,0.15
2026-01-20,2330,台灣積體電路製造,514000,9.58
2026-01-20,2308,台達電子工業,373000,4.42
2026-01-20,2317,鴻海精密工業,1685000,3.95
2026-01-20,2454,聯發科技,203000,3.16
2026-01-20,2059,川湖科技,79000,3.02
2026-01-20,2368,金像電子（股）公司,406000,2.69
2026-01-20,2344,華邦電子,2243000,2.66
2026-01-20,2891,中國信託金融控股,4814000,2.58
2026-01-20,6669,緯穎科技服務,67000,2.58
2026-01-20,3017,奇鋐科技,188000,2.56
2026-01-20,2382,廣達電腦,845000,2.46
2026-01-20,2881,富邦金融控股,2376575,2.35
2026-01-20,8210,勤誠興業,248000,2.34
2026-01-20,2345,智邦科技,180000,2.24
2026-01-20,2408,南亞科技,741000,2.12
2026-01-20,3665,貿聯控股（BizLink Holding In,150336,2.11
2026-01-20,1519,華城電機,196000,2.07
2026-01-20,2383,台光電子材料,117000,1.98
2026-01-20,2360,致茂電子,182000,1.97
2026-01-20,5439,高技企業,612000,1.91
2026-01-20,6274,台燿科技,368000,1.83
2026-01-20,2884,玉山金融控股,5227622,1.82
2026-01-20,6223,旺矽科技,67000,1.72
2026-01-20,3044,健鼎科技,504000,1.66
2026-01-20,3231,緯創資通,1156000,1.65
2026-01-20,3653,健策精密工業,62000,1.6
2026-01-20,3036,文曄科技,1012000,1.56
2026-01-20,6442,光紅建聖,117000,1.56
2026-01-20,6515,穎崴科技,37000,1.45
2026-01-20,2449,京元電子,459000,1.32
2026-01-20,6805,富世達,97000,1.31
2026-01-20,5234,達興材料,323000,1.2
2026-01-20,3293,鈊象電子,135000,1.04
2026-01-20,6510,中華精測科技,35000,1.0
2026-01-20,2027,大成不銹鋼工業,2547000,0.97
2026-01-20,5434,崇越科技,277000,0.96
2026-01-20,1590,亞德客國際集團,85000,0.91
2026-01-20,1504,東元電機,879000,0.82
2026-01-20,4749,新應材,90000,0.81
2026-01-20,4915,致伸科技,949000,0.8
2026-01-20,3526,凡甲科技,304000,0.8
2026-01-20,6121,新普科技,214000,0.8
2026-01-20,2376,技嘉科技,313000,0.78
2026-01-20,5904,寶雅國際,170450,0.74
2026-01-20,3661,世芯電子,17000,0.61
2026-01-20,2379,瑞昱半導體,109000,0.59
2026-01-20,8114,振樺電子,270000,0.57
2026-01-20,6584,南俊國際,159000,0.52
2026-01-20,6811,宏碁資訊服務,130000,0.29
2026-01-20,6561,是方電訊,50000,0.18
2026-01-20,3211,順達科技,51000,0.15
2026-01-21,2330,台灣積體電路製造,514000,9.58
2026-01-21,2308,台達電子工業,373000,4.53
2026-01-21,2317,鴻海精密工業,1685000,3.95
2026-01-21,2454,聯發科技,203000,3.19
2026-01-21,2059,川湖科技,79000,2.98
2026-01-21,2891,中國信託金融控股,4814000,2.61
2026-01-21,2368,金像電子（股）公司,406000,2.59
2026-01-21,6669,緯穎科技服務,67000,2.59
2026-01-21,3017,奇鋐科技,188000,2.58
2026-01-21,2344,華邦電子,2243000,2.53
2026-01-21,2382,廣達電腦,845000,2.49
2026-01-21,8210,勤誠興業,248000,2.41
2026-01-21,2881,富邦金融控股,2376575,2.37
2026-01-21,2345,智邦科技,180000,2.22
2026-01-21,1519,華城電機,196000,2.15
2026-01-21,3665,貿聯控股（BizLink Holding In,150336,2.09
2026-01-21,2408,南亞科技,741000,1.99
2026-01-21,2383,台光電子材料,117000,1.96
2026-01-21,2360,致茂電子,182000,1.94
2026-01-21,5439,高技企業,612000,1.92
2026-01-21,2884,玉山金融控股,5227622,1.87
2026-01-21,6274,台燿科技,368000,1.83
2026-01-21,6223,旺矽科技,67000,1.77
2026-01-21,3044,健鼎科技,504000,1.7
2026-01-21,3231,緯創資通,1156000,1.65
2026-01-21,3036,文曄科技,1012000,1.64
2026-01-21,6442,光紅建聖,117000,1.57
2026-01-21,3653,健策精密工業,62000,1.55
2026-01-21,6515,穎崴科技,37000,1.52
2026-01-21,6805,富世達,97000,1.34
2026-01-21,2449,京元電子,459000,1.31
2026-01-21,5234,達興材料,323000,1.19
2026-01-21,6510,中華精測科技,35000,1.12
2026-01-21,3293,鈊象電子,135000,1.03
2026-01-21,2027,大成不銹鋼工業,2547000,0.98
2026-01-21,5434,崇越科技,277000,0.96
2026-01-21,1590,亞德客國際集團,85000,0.93
2026-01-21,1504,東元電機,879000,0.81
2026-01-21,4749,新應材,90000,0.81
2026-01-21,6121,新普科技,214000,0.81
2026-01-21,4915,致伸科技,949000,0.8
2026-01-21,3526,凡甲科技,304000,0.8
2026-01-21,2376,技嘉科技,313000,0.79
2026-01-21,5904,寶雅國際,170450,0.74
2026-01-21,3661,世芯電子,17000,0.59
2026-01-21,2379,瑞昱半導體,109000,0.59
2026-01-21,8114,振樺電子,270000,0.56
2026-01-21,6584,南俊國際,159000,0.51
2026-01-21,6811,宏碁資訊服務,130000,0.29
2026-01-21,6561,是方電訊,50000,0.18
2026-01-21,3211,順達科技,51000,0.15
2026-01-22,2330,台灣積體電路製造,514000,9.5
2026-01-22,2308,台達電子工業,373000,4.88
2026-01-22,2317,鴻海精密工業,1685000,3.95
2026-01-22,2454,聯發科技,203000,3.17
2026-01-22,2059,川湖科技,79000,2.89
2026-01-22,3017,奇鋐科技,188000,2.67
2026-01-22,2368,金像電子（股）公司,406000,2.67
2026-01-22,6669,緯穎科技服務,67000,2.65
2026-01-22,2891,中國信託金融控股,4814000,2.57
2026-01-22,2382,廣達電腦,845000,2.51
2026-01-22,2344,華邦電子,2243000,2.46
2026-01-22,8210,勤誠興業,248000,2.45
2026-01-22,2881,富邦金融控股,2376575,2.32
2026-01-22,3665,貿聯控股（BizLink Holding In,150336,2.24
2026-01-22,1519,華城電機,196000,2.22
2026-01-22,2345,智邦科技,180000,2.17
2026-01-22,2408,南亞科技,741000,2.07
2026-01-22,2383,台光電子材料,117000,2.04
2026-01-22,2360,致茂電子,182000,1.93
2026-01-22,5439,高技企業,612000,1.92
2026-01-22,6274,台燿科技,368000,1.88
2026-01-22,2884,玉山金融控股,5227622,1.84
2026-01-22,3044,健鼎科技,504000,1.83
2026-01-22,6223,旺矽科技,67000,1.7
2026-01-22,3653,健策精密工業,62000,1.67
2026-01-22,3231,緯創資通,1156000,1.64
2026-01-22,6442,光紅建聖,117000,1.59
2026-01-22,3036,文曄科技,1012000,1.58
2026-01-22,6515,穎崴科技,37000,1.46
2026-01-22,6805,富世達,97000,1.44
2026-01-22,2449,京元電子,459000,1.32
2026-01-22,5234,達興材料,323000,1.14
2026-01-22,6510,中華精測科技,35000,1.07
2026-01-22,3293,鈊象電子,135000,1.03
2026-01-22,5434,崇越科技,277000,0.96
2026-01-22,2027,大成不銹鋼工業,2547000,0.96
2026-01-22,1590,亞德客國際集團,85000,0.91
2026-01-22,1504,東元電機,879000,0.82
2026-01-22,3526,凡甲科技,304000,0.82
2026-01-22,4749,新應材,90000,0.8
2026-01-22,6121,新普科技,214000,0.8
2026-01-22,4915,致伸科技,949000,0.79
2026-01-22,2376,技嘉科技,313000,0.79
2026-01-22,5904,寶雅國際,170450,0.72
2026-01-22,2379,瑞昱半導體,109000,0.59
2026-01-22,3661,世芯電子,17000,0.58
2026-01-22,8114,振樺電子,270000,0.55
2026-01-22,6584,南俊國際,159000,0.51
2026-01-22,6811,宏碁資訊服務,130000,0.29
2026-01-22,6561,是方電訊,50000,0.18
2026-01-22,3211,順達科技,51000,0.16
2026-01-23,2330,台灣積體電路製造,514000,9.48
2026-01-23,2308,台達電子工業,373000,4.9
2026-01-23,2317,鴻海精密工業,1685000,3.89
2026-01-23,2454,聯發科技,203000,3.45
2026-01-23,2059,川湖科技,79000,2.94
2026-01-23,2368,金像電子（股）公司,406000,2.73
2026-01-23,3017,奇鋐科技,188000,2.69
2026-01-23,6669,緯穎科技服務,67000,2.58
2026-01-23,2891,中國信託金融控股,4814000,2.53
2026-01-23,8210,勤誠興業,248000,2.5
2026-01-23,2382,廣達電腦,845000,2.47
2026-01-23,2344,華邦電子,2243000,2.41
2026-01-23,2881,富邦金融控股,2376575,2.32
2026-01-23,2345,智邦科技,180000,2.2
2026-01-23,2383,台光電子材料,117000,2.19
2026-01-23,3665,貿聯控股（BizLink Holding In,150336,2.18
2026-01-23,2408,南亞科技,741000,2.1
2026-01-23,1519,華城電機,196000,2.1
2026-01-23,2360,致茂電子,182000,1.94
2026-01-23,6274,台燿科技,368000,1.93
2026-01-23,5439,高技企業,612000,1.89
2026-01-23,3044,健鼎科技,504000,1.89
2026-01-23,2884,玉山金融控股,5227622,1.81
2026-01-23,3653,健策精密工業,62000,1.81
2026-01-23,6223,旺矽科技,67000,1.78
2026-01-23,6442,光紅建聖,117000,1.65
2026-01-23,3231,緯創資通,1156000,1.64
2026-01-23,3036,文曄科技,1012000,1.54
2026-01-23,6515,穎崴科技,37000,1.51
2026-01-23,6805,富世達,97000,1.39
2026-01-23,2449,京元電子,459000,1.37
2026-01-23,5234,達興材料,323000,1.13
2026-01-23,6510,中華精測科技,35000,1.07
2026-01-23,3293,鈊象電子,135000,1.04
2026-01-23,2027,大成不銹鋼工業,2547000,0.96
2026-01-23,5434,崇越科技,277000,0.95
2026-01-23,1590,亞德客國際集團,85000,0.9
2026-01-23,1504,東元電機,879000,0.82
2026-01-23,4749,新應材,90000,0.81
2026-01-23,3526,凡甲科技,304000,0.81
2026-01-23,6121,新普科技,214000,0.79
2026-01-23,4915,致伸科技,949000,0.78
2026-01-23,2376,技嘉科技,313000,0.78
2026-01-23,5904,寶雅國際,170450,0.71
2026-01-23,3661,世芯電子,17000,0.61
2026-01-23,2379,瑞昱半導體,109000,0.58
2026-01-23,8114,振樺電子,270000,0.55
2026-01-23,6584,南俊國際,159000,0.5
2026-01-23,6811,宏碁資訊服務,130000,0.29
2026-01-23,6561,是方電訊,50000,0.18
2026-01-23,3211,順達科技,51000,0.17
2026-01-24,2330,台灣積體電路製造,514000,9.48
2026-01-24,2308,台達電子工業,373000,4.9
2026-01-24,2317,鴻海精密工業,1685000,3.89
2026-01-24,2454,聯發科技,203000,3.45
2026-01-24,2059,川湖科技,79000,2.94
2026-01-24,2368,金像電子（股）公司,406000,2.73
2026-01-24,3017,奇鋐科技,188000,2.69
2026-01-24,6669,緯穎科技服務,67000,2.58
2026-01-24,2891,中國信託金融控股,4814000,2.53
2026-01-24,8210,勤誠興業,248000,2.5
2026-01-24,2382,廣達電腦,845000,2.47
2026-01-24,2344,華邦電子,2243000,2.41
2026-01-24,2881,富邦金融控股,2376575,2.32
2026-01-24,2345,智邦科技,180000,2.2
2026-01-24,2383,台光電子材料,117000,2.19
2026-01-24,3665,貿聯控股（BizLink Holding In,150336,2.18
2026-01-24,2408,南亞科技,741000,2.1
2026-01-24,1519,華城電機,196000,2.1
2026-01-24,2360,致茂電子,182000,1.94
2026-01-24,6274,台燿科技,368000,1.93
2026-01-24,5439,高技企業,612000,1.89
2026-01-24,3044,健鼎科技,504000,1.89
2026-01-24,2884,玉山金融控股,5227622,1.81
2026-01-24,3653,健策精密工業,62000,1.81
2026-01-24,6223,旺矽科技,67000,1.78
2026-01-24,6442,光紅建聖,117000,1.65
2026-01-24,3231,緯創資通,1156000,1.64
2026-01-24,3036,文曄科技,1012000,1.54
2026-01-24,6515,穎崴科技,37000,1.51
2026-01-24,6805,富世達,97000,1.39
2026-01-24,2449,京元電子,459000,1.37
2026-01-24,5234,達興材料,323000,1.13
2026-01-24,6510,中華精測科技,35000,1.07
2026-01-24,3293,鈊象電子,135000,1.04
2026-01-24,2027,大成不銹鋼工業,2547000,0.96
2026-01-24,5434,崇越科技,277000,0.95
2026-01-24,1590,亞德客國際集團,85000,0.9
2026-01-24,1504,東元電機,879000,0.82
2026-01-24,4749,新應材,90000,0.81
2026-01-24,3526,凡甲科技,304000,0.81
2026-01-24,6121,新普科技,214000,0.79
2026-01-24,4915,致伸科技,949000,0.78
2026-01-24,2376,技嘉科技,313000,0.78
2026-01-24,5904,寶雅國際,170450,0.71
2026-01-24,3661,世芯電子,17000,0.61
2026-01-24,2379,瑞昱半導體,109000,0.58
2026-01-24,8114,振樺電子,270000,0.55
2026-01-24,6584,南俊國際,159000,0.5
2026-01-24,6811,宏碁資訊服務,130000,0.29
2026-01-24,6561,是方電訊,50000,0.18
2026-01-24,3211,順達科技,51000,0.17
2026-01-25,2330,台灣積體電路製造,514000,9.48
2026-01-25,2308,台達電子工業,373000,4.9
2026-01-25,2317,鴻海精密工業,1685000,3.89
2026-01-25,2454,聯發科技,203000,3.45
2026-01-25,2059,川湖科技,79000,2.94
2026-01-25,2368,金像電子（股）公司,406000,2.73
2026-01-25,3017,奇鋐科技,188000,2.69
2026-01-25,6669,緯穎科技服務,67000,2.58
2026-01-25,2891,中國信託金融控股,4814000,2.53
2026-01-25,8210,勤誠興業,248000,2.5
2026-01-25,2382,廣達電腦,845000,2.47
2026-01-25,2344,華邦電子,2243000,2.41
2026-01-25,2881,富邦金融控股,2376575,2.32
2026-01-25,2345,智邦科技,180000,2.2
2026-01-25,2383,台光電子材料,117000,2.19
2026-01-25,3665,貿聯控股（BizLink Holding In,150336,2.18
2026-01-25,2408,南亞科技,741000,2.1
2026-01-25,1519,華城電機,196000,2.1
2026-01-25,2360,致茂電子,182000,1.94
2026-01-25,6274,台燿科技,368000,1.93
2026-01-25,5439,高技企業,612000,1.89
2026-01-25,3044,健鼎科技,504000,1.89
2026-01-25,2884,玉山金融控股,5227622,1.81
2026-01-25,3653,健策精密工業,62000,1.81
2026-01-25,6223,旺矽科技,67000,1.78
2026-01-25,6442,光紅建聖,117000,1.65
2026-01-25,3231,緯創資通,1156000,1.64
2026-01-25,3036,文曄科技,1012000,1.54
2026-01-25,6515,穎崴科技,37000,1.51
2026-01-25,6805,富世達,97000,1.39
2026-01-25,2449,京元電子,459000,1.37
2026-01-25,5234,達興材料,323000,1.13
2026-01-25,6510,中華精測科技,35000,1.07
2026-01-25,3293,鈊象電子,135000,1.04
2026-01-25,2027,大成不銹鋼工業,2547000,0.96
2026-01-25,5434,崇越科技,277000,0.95
2026-01-25,1590,亞德客國際集團,85000,0.9
2026-01-25,1504,東元電機,879000,0.82
2026-01-25,4749,新應材,90000,0.81
2026-01-25,3526,凡甲科技,304000,0.81
2026-01-25,6121,新普科技,214000,0.79
2026-01-25,4915,致伸科技,949000,0.78
2026-01-25,2376,技嘉科技,313000,0.78
2026-01-25,5904,寶雅國際,170450,0.71
2026-01-25,3661,世芯電子,17000,0.61
2026-01-25,2379,瑞昱半導體,109000,0.58
2026-01-25,8114,振樺電子,270000,0.55
2026-01-25,6584,南俊國際,159000,0.5
2026-01-25,6811,宏碁資訊服務,130000,0.29
2026-01-25,6561,是方電訊,50000,0.18
2026-01-25,3211,順達科技,51000,0.17
2026-01-26,2330,台灣積體電路製造,514000,9.34
2026-01-26,2308,台達電子工業,373000,4.75
2026-01-26,2317,鴻海精密工業,1685000,3.91
2026-01-26,2454,聯發科技,203000,3.72
2026-01-26,2059,川湖科技,79000,2.86
2026-01-26,2368,金像電子（股）公司,406000,2.8
2026-01-26,3017,奇鋐科技,188000,2.67
2026-01-26,6669,緯穎科技服務,67000,2.66
2026-01-26,2344,華邦電子,2243000,2.62
2026-01-26,2891,中國信託金融控股,4814000,2.54
2026-01-26,2382,廣達電腦,845000,2.51
2026-01-26,8210,勤誠興業,248000,2.49
2026-01-26,2881,富邦金融控股,2376575,2.29
2026-01-26,3665,貿聯控股（BizLink Holding In,150336,2.23
2026-01-26,2408,南亞科技,741000,2.19
2026-01-26,2345,智邦科技,180000,2.14
2026-01-26,2383,台光電子材料,117000,2.11
2026-01-26,1519,華城電機,196000,2.07
2026-01-26,5439,高技企業,612000,1.97
2026-01-26,6274,台燿科技,368000,1.95
2026-01-26,3044,健鼎科技,504000,1.93
2026-01-26,2360,致茂電子,182000,1.91
2026-01-26,2884,玉山金融控股,5227622,1.82
2026-01-26,6223,旺矽科技,67000,1.79
2026-01-26,3653,健策精密工業,62000,1.76
2026-01-26,3231,緯創資通,1156000,1.63
2026-01-26,6442,光紅建聖,117000,1.57
2026-01-26,6515,穎崴科技,37000,1.56
2026-01-26,3036,文曄科技,1012000,1.55
2026-01-26,6805,富世達,97000,1.42
2026-01-26,2449,京元電子,459000,1.41
2026-01-26,6510,中華精測科技,35000,1.17
2026-01-26,5234,達興材料,323000,1.1
2026-01-26,3293,鈊象電子,135000,1.05
2026-01-26,2027,大成不銹鋼工業,2547000,0.99
2026-01-26,5434,崇越科技,277000,0.94
2026-01-26,1590,亞德客國際集團,85000,0.88
2026-01-26,1504,東元電機,879000,0.79
2026-01-26,4749,新應材,90000,0.79
2026-01-26,3526,凡甲科技,304000,0.79
2026-01-26,4915,致伸科技,949000,0.78
2026-01-26,2376,技嘉科技,313000,0.78
2026-01-26,6121,新普科技,214000,0.77
2026-01-26,5904,寶雅國際,170450,0.7
2026-01-26,3661,世芯電子,17000,0.62
2026-01-26,2379,瑞昱半導體,109000,0.58
2026-01-26,8114,振樺電子,270000,0.53
2026-01-26,6584,南俊國際,159000,0.49
2026-01-26,6811,宏碁資訊服務,130000,0.29
2026-01-26,6561,是方電訊,50000,0.17
2026-01-26,3211,順達科技,51000,0.17
2026-01-27,2330,台灣積體電路製造,514000,9.37
2026-01-27,2308,台達電子工業,373000,4.78
2026-01-27,2317,鴻海精密工業,1685000,3.89
2026-01-27,2454,聯發科技,203000,3.69
2026-01-27,2368,金像電子（股）公司,406000,2.85
2026-01-27,2059,川湖科技,79000,2.82
2026-01-27,3017,奇鋐科技,188000,2.74
2026-01-27,2344,華邦電子,2243000,2.65
2026-01-27,6669,緯穎科技服務,67000,2.54
2026-01-27,2891,中國信託金融控股,4814000,2.51
2026-01-27,2382,廣達電腦,845000,2.49
2026-01-27,8210,勤誠興業,248000,2.45
2026-01-27,2881,富邦金融控股,2376575,2.25
2026-01-27,3665,貿聯控股（BizLink Holding In,150336,2.19
2026-01-27,2383,台光電子材料,117000,2.18
2026-01-27,2345,智邦科技,180000,2.13
2026-01-27,2408,南亞科技,741000,2.1
2026-01-27,1519,華城電機,196000,2.04
2026-01-27,6274,台燿科技,368000,2.0
2026-01-27,3044,健鼎科技,504000,1.98
2026-01-27,5439,高技企業,612000,1.94
2026-01-27,2360,致茂電子,182000,1.93
2026-01-27,6223,旺矽科技,67000,1.88
2026-01-27,2884,玉山金融控股,5227622,1.8
2026-01-27,3653,健策精密工業,62000,1.78
2026-01-27,6442,光紅建聖,117000,1.71
2026-01-27,3036,文曄科技,1012000,1.63
2026-01-27,6515,穎崴科技,37000,1.62
2026-01-27,3231,緯創資通,1156000,1.59
2026-01-27,2449,京元電子,459000,1.41
2026-01-27,6805,富世達,97000,1.41
2026-01-27,6510,中華精測科技,35000,1.18
2026-01-27,5234,達興材料,323000,1.09
2026-01-27,3293,鈊象電子,135000,1.02
2026-01-27,2027,大成不銹鋼工業,2547000,0.99
2026-01-27,5434,崇越科技,277000,0.94
2026-01-27,1590,亞德客國際集團,85000,0.89
2026-01-27,3526,凡甲科技,304000,0.78
2026-01-27,4749,新應材,90000,0.77
2026-01-27,4915,致伸科技,949000,0.77
2026-01-27,1504,東元電機,879000,0.77
2026-01-27,2376,技嘉科技,313000,0.77
2026-01-27,6121,新普科技,214000,0.76
2026-01-27,5904,寶雅國際,170450,0.69
2026-01-27,3661,世芯電子,17000,0.6
2026-01-27,2379,瑞昱半導體,109000,0.59
2026-01-27,8114,振樺電子,270000,0.54
2026-01-27,6584,南俊國際,159000,0.48
2026-01-27,6811,宏碁資訊服務,130000,0.28
2026-01-27,6561,是方電訊,50000,0.17
2026-01-27,3211,順達科技,51000,0.16
2026-01-28,2330,台灣積體電路製造,514000,9.44
2026-01-28,2308,台達電子工業,373000,4.82
2026-01-28,2317,鴻海精密工業,1685000,3.84
2026-01-28,2454,聯發科技,203000,3.65
2026-01-28,2368,金像電子（股）公司,406000,2.95
2026-01-28,2344,華邦電子,2243000,2.88
2026-01-28,3017,奇鋐科技,188000,2.78
2026-01-28,2059,川湖科技,79000,2.7
2026-01-28,6669,緯穎科技服務,67000,2.51
2026-01-28,2891,中國信託金融控股,4814000,2.49
2026-01-28,2382,廣達電腦,845000,2.45
2026-01-28,8210,勤誠興業,248000,2.37
2026-01-28,2383,台光電子材料,117000,2.24
2026-01-28,2408,南亞科技,741000,2.22
2026-01-28,2881,富邦金融控股,2376575,2.22
2026-01-28,3665,貿聯控股（BizLink Holding In,150336,2.19
2026-01-28,2345,智邦科技,180000,2.13
2026-01-28,1519,華城電機,196000,2.06
2026-01-28,3044,健鼎科技,504000,2.0
2026-01-28,6274,台燿科技,368000,2.0
2026-01-28,5439,高技企業,612000,1.95
2026-01-28,2360,致茂電子,182000,1.9
2026-01-28,6442,光紅建聖,117000,1.85
2026-01-28,6223,旺矽科技,67000,1.8
2026-01-28,2884,玉山金融控股,5227622,1.77
2026-01-28,3653,健策精密工業,62000,1.76
2026-01-28,3036,文曄科技,1012000,1.69
2026-01-28,3231,緯創資通,1156000,1.57
2026-01-28,6515,穎崴科技,37000,1.5
2026-01-28,6805,富世達,97000,1.46
2026-01-28,2449,京元電子,459000,1.44
2026-01-28,6510,中華精測科技,35000,1.11
2026-01-28,5234,達興材料,323000,1.09
2026-01-28,3293,鈊象電子,135000,1.01
2026-01-28,2027,大成不銹鋼工業,2547000,1.0
2026-01-28,5434,崇越科技,277000,0.93
2026-01-28,1590,亞德客國際集團,85000,0.88
2026-01-28,1504,東元電機,879000,0.78
2026-01-28,4749,新應材,90000,0.78
2026-01-28,3526,凡甲科技,304000,0.78
2026-01-28,4915,致伸科技,949000,0.77
2026-01-28,2376,技嘉科技,313000,0.76
2026-01-28,6121,新普科技,214000,0.75
2026-01-28,5904,寶雅國際,170450,0.7
2026-01-28,2379,瑞昱半導體,109000,0.58
2026-01-28,3661,世芯電子,17000,0.58
2026-01-28,8114,振樺電子,270000,0.52
2026-01-28,6584,南俊國際,159000,0.46
2026-01-28,6811,宏碁資訊服務,130000,0.29
2026-01-28,3211,順達科技,51000,0.18
2026-01-28,6561,是方電訊,50000,0.17
2026-01-29,2330,台灣積體電路製造,514000,9.44
2026-01-29,2308,台達電子工業,373000,4.76
2026-01-29,2317,鴻海精密工業,1685000,3.84
2026-01-29,2454,聯發科技,203000,3.68
2026-01-29,2344,華邦電子,2243000,2.97
2026-01-29,2368,金像電子（股）公司,406000,2.86
2026-01-29,3017,奇鋐科技,188000,2.86
2026-01-29,2059,川湖科技,79000,2.58
2026-01-29,2891,中國信託金融控股,4814000,2.55
2026-01-29,6669,緯穎科技服務,67000,2.54
2026-01-29,2382,廣達電腦,845000,2.43
2026-01-29,8210,勤誠興業,248000,2.35
2026-01-29,2408,南亞科技,741000,2.24
2026-01-29,2881,富邦金融控股,2376575,2.23
2026-01-29,2345,智邦科技,180000,2.14
2026-01-29,2383,台光電子材料,117000,2.13
2026-01-29,3665,貿聯控股（BizLink Holding In,150336,2.09
2026-01-29,6442,光紅建聖,117000,2.05
2026-01-29,1519,華城電機,196000,2.02
2026-01-29,3044,健鼎科技,504000,1.98
2026-01-29,5439,高技企業,612000,1.92
2026-01-29,6274,台燿科技,368000,1.91
2026-01-29,2360,致茂電子,182000,1.88
2026-01-29,3653,健策精密工業,62000,1.83
2026-01-29,2884,玉山金融控股,5227622,1.79
2026-01-29,6223,旺矽科技,67000,1.77
2026-01-29,3036,文曄科技,1012000,1.64
2026-01-29,3231,緯創資通,1156000,1.56
2026-01-29,6515,穎崴科技,37000,1.47
2026-01-29,6805,富世達,97000,1.47
2026-01-29,2449,京元電子,459000,1.42
2026-01-29,6510,中華精測科技,35000,1.12
2026-01-29,5234,達興材料,323000,1.1
2026-01-29,2027,大成不銹鋼工業,2547000,1.04
2026-01-29,3293,鈊象電子,135000,1.0
2026-01-29,5434,崇越科技,277000,0.93
2026-01-29,1590,亞德客國際集團,85000,0.9
2026-01-29,4749,新應材,90000,0.77
2026-01-29,4915,致伸科技,949000,0.77
2026-01-29,3526,凡甲科技,304000,0.77
2026-01-29,1504,東元電機,879000,0.76
2026-01-29,2376,技嘉科技,313000,0.76
2026-01-29,6121,新普科技,214000,0.75
2026-01-29,5904,寶雅國際,170450,0.7
2026-01-29,2379,瑞昱半導體,109000,0.57
2026-01-29,3661,世芯電子,17000,0.57
2026-01-29,8114,振樺電子,270000,0.51
2026-01-29,6584,南俊國際,159000,0.48
2026-01-29,6811,宏碁資訊服務,130000,0.28
2026-01-29,6561,是方電訊,50000,0.17
2026-01-29,3211,順達科技,51000,0.17
2026-01-30,2330,台灣積體電路製造,514000,9.41
2026-01-30,2308,台達電子工業,373000,4.7
2026-01-30,2317,鴻海精密工業,1685000,3.83
2026-01-30,2454,聯發科技,203000,3.69
2026-01-30,2344,華邦電子,2243000,2.97
2026-01-30,2368,金像電子（股）公司,406000,2.94
2026-01-30,3017,奇鋐科技,188000,2.83
2026-01-30,2059,川湖科技,79000,2.56
2026-01-30,2891,中國信託金融控股,4814000,2.53
2026-01-30,2408,南亞科技,741000,2.5
2026-01-30,6669,緯穎科技服務,67000,2.47
2026-01-30,2382,廣達電腦,845000,2.44
2026-01-30,8210,勤誠興業,248000,2.32
2026-01-30,2881,富邦金融控股,2376575,2.23
2026-01-30,6442,光紅建聖,117000,2.15
2026-01-30,2383,台光電子材料,117000,2.11
2026-01-30,2345,智邦科技,180000,2.07
2026-01-30,3665,貿聯控股（BizLink Holding In,150336,2.02
2026-01-30,1519,華城電機,196000,1.96
2026-01-30,3044,健鼎科技,504000,1.95
2026-01-30,6274,台燿科技,368000,1.91
2026-01-30,5439,高技企業,612000,1.88
2026-01-30,2360,致茂電子,182000,1.84
2026-01-30,3653,健策精密工業,62000,1.82
2026-01-30,2884,玉山金融控股,5227622,1.8
2026-01-30,6223,旺矽科技,67000,1.74
2026-01-30,3036,文曄科技,1012000,1.63
2026-01-30,3231,緯創資通,1156000,1.56
2026-01-30,6515,穎崴科技,37000,1.49
2026-01-30,6805,富世達,97000,1.43
2026-01-30,2449,京元電子,459000,1.4
2026-01-30,6510,中華精測科技,35000,1.19
2026-01-30,5234,達興材料,323000,1.1
2026-01-30,2027,大成不銹鋼工業,2547000,1.03
2026-01-30,1590,亞德客國際集團,85000,1.0
2026-01-30,3293,鈊象電子,135000,1.0
2026-01-30,5434,崇越科技,277000,0.92
2026-01-30,4749,新應材,90000,0.8
2026-01-30,3526,凡甲科技,304000,0.78
2026-01-30,4915,致伸科技,949000,0.77
2026-01-30,6121,新普科技,214000,0.76
2026-01-30,2376,技嘉科技,313000,0.75
2026-01-30,1504,東元電機,879000,0.74
2026-01-30,5904,寶雅國際,170450,0.7
2026-01-30,3661,世芯電子,17000,0.55
2026-01-30,2379,瑞昱半導體,109000,0.54
2026-01-30,8114,振樺電子,270000,0.5
2026-01-30,6584,南俊國際,159000,0.48
2026-01-30,6811,宏碁資訊服務,130000,0.28
2026-01-30,3211,順達科技,51000,0.18
2026-01-30,6561,是方電訊,50000,0.17
2026-01-31,2330,台灣積體電路製造,514000,9.41
2026-01-31,2308,台達電子工業,373000,4.7
2026-01-31,2317,鴻海精密工業,1685000,3.83
2026-01-31,2454,聯發科技,203000,3.69
2026-01-31,2344,華邦電子,2243000,2.97
2026-01-31,2368,金像電子（股）公司,406000,2.94
2026-01-31,3017,奇鋐科技,188000,2.83
2026-01-31,2059,川湖科技,79000,2.56
2026-01-31,2891,中國信託金融控股,4814000,2.53
2026-01-31,2408,南亞科技,741000,2.5
2026-01-31,6669,緯穎科技服務,67000,2.47
2026-01-31,2382,廣達電腦,845000,2.44
2026-01-31,8210,勤誠興業,248000,2.32
2026-01-31,2881,富邦金融控股,2376575,2.23
2026-01-31,6442,光紅建聖,117000,2.15
2026-01-31,2383,台光電子材料,117000,2.11
2026-01-31,2345,智邦科技,180000,2.07
2026-01-31,3665,貿聯控股（BizLink Holding In,150336,2.02
2026-01-31,1519,華城電機,196000,1.96
2026-01-31,3044,健鼎科技,504000,1.95
2026-01-31,6274,台燿科技,368000,1.91
2026-01-31,5439,高技企業,612000,1.88
2026-01-31,2360,致茂電子,182000,1.84
2026-01-31,3653,健策精密工業,62000,1.82
2026-01-31,2884,玉山金融控股,5227622,1.8
2026-01-31,6223,旺矽科技,67000,1.74
2026-01-31,3036,文曄科技,1012000,1.63
2026-01-31,3231,緯創資通,1156000,1.56
2026-01-31,6515,穎崴科技,37000,1.49
2026-01-31,6805,富世達,97000,1.43
2026-01-31,2449,京元電子,459000,1.4
2026-01-31,6510,中華精測科技,35000,1.19
2026-01-31,5234,達興材料,323000,1.1
2026-01-31,2027,大成不銹鋼工業,2547000,1.03
2026-01-31,1590,亞德客國際集團,85000,1.0
2026-01-31,3293,鈊象電子,135000,1.0
2026-01-31,5434,崇越科技,277000,0.92
2026-01-31,4749,新應材,90000,0.8
2026-01-31,3526,凡甲科技,304000,0.78
2026-01-31,4915,致伸科技,949000,0.77
2026-01-31,6121,新普科技,214000,0.76
2026-01-31,2376,技嘉科技,313000,0.75
2026-01-31,1504,東元電機,879000,0.74
2026-01-31,5904,寶雅國際,170450,0.7
2026-01-31,3661,世芯電子,17000,0.55
2026-01-31,2379,瑞昱半導體,109000,0.54
2026-01-31,8114,振樺電子,270000,0.5
2026-01-31,6584,南俊國際,159000,0.48
2026-01-31,6811,宏碁資訊服務,130000,0.28
2026-01-31,3211,順達科技,51000,0.18
2026-01-31,6561,是方電訊,50000,0.17
2026-02-01,2330,台灣積體電路製造,514000,9.41
2026-02-01,2308,台達電子工業,373000,4.7
2026-02-01,2317,鴻海精密工業,1685000,3.83
2026-02-01,2454,聯發科技,203000,3.69
2026-02-01,2344,華邦電子,2243000,2.97
2026-02-01,2368,金像電子（股）公司,406000,2.94
2026-02-01,3017,奇鋐科技,188000,2.83
2026-02-01,2059,川湖科技,79000,2.56
2026-02-01,2891,中國信託金融控股,4814000,2.53
2026-02-01,2408,南亞科技,741000,2.5
2026-02-01,6669,緯穎科技服務,67000,2.47
2026-02-01,2382,廣達電腦,845000,2.44
2026-02-01,8210,勤誠興業,248000,2.32
2026-02-01,2881,富邦金融控股,2376575,2.23
2026-02-01,6442,光紅建聖,117000,2.15
2026-02-01,2383,台光電子材料,117000,2.11
2026-02-01,2345,智邦科技,180000,2.07
2026-02-01,3665,貿聯控股（BizLink Holding In,150336,2.02
2026-02-01,1519,華城電機,196000,1.96
2026-02-01,3044,健鼎科技,504000,1.95
2026-02-01,6274,台燿科技,368000,1.91
2026-02-01,5439,高技企業,612000,1.88
2026-02-01,2360,致茂電子,182000,1.84
2026-02-01,3653,健策精密工業,62000,1.82
2026-02-01,2884,玉山金融控股,5227622,1.8
2026-02-01,6223,旺矽科技,67000,1.74
2026-02-01,3036,文曄科技,1012000,1.63
2026-02-01,3231,緯創資通,1156000,1.56
2026-02-01,6515,穎崴科技,37000,1.49
2026-02-01,6805,富世達,97000,1.43
2026-02-01,2449,京元電子,459000,1.4
2026-02-01,6510,中華精測科技,35000,1.19
2026-02-01,5234,達興材料,323000,1.1
2026-02-01,2027,大成不銹鋼工業,2547000,1.03
2026-02-01,1590,亞德客國際集團,85000,1.0
2026-02-01,3293,鈊象電子,135000,1.0
2026-02-01,5434,崇越科技,277000,0.92
2026-02-01,4749,新應材,90000,0.8
2026-02-01,3526,凡甲科技,304000,0.78
2026-02-01,4915,致伸科技,949000,0.77
2026-02-01,6121,新普科技,214000,0.76
2026-02-01,2376,技嘉科技,313000,0.75
2026-02-01,1504,東元電機,879000,0.74
2026-02-01,5904,寶雅國際,170450,0.7
2026-02-01,3661,世芯電子,17000,0.55
2026-02-01,2379,瑞昱半導體,109000,0.54
2026-02-01,8114,振樺電子,270000,0.5
2026-02-01,6584,南俊國際,159000,0.48
2026-02-01,6811,宏碁資訊服務,130000,0.28
2026-02-01,3211,順達科技,51000,0.18
2026-02-01,6561,是方電訊,50000,0.17
2026-02-02,2330,台灣積體電路製造,499000,9.2
2026-02-02,2308,台達電子工業,338000,4.15
2026-02-02,2317,鴻海精密工業,1685000,3.77
2026-02-02,2454,聯發科技,203000,3.61
2026-02-02,3017,奇鋐科技,188000,2.93
2026-02-02,2344,華邦電子,2243000,2.72
2026-02-02,2368,金像電子（股）公司,354000,2.61
2026-02-02,2891,中國信託金融控股,4814000,2.56
2026-02-02,2059,川湖科技,79000,2.53
2026-02-02,6669,緯穎科技服務,67000,2.52
2026-02-02,3665,貿聯控股（BizLink Holding In,177336,2.45
2026-02-02,2382,廣達電腦,845000,2.41
2026-02-02,8210,勤誠興業,248000,2.33
2026-02-02,2408,南亞科技,741000,2.28
2026-02-02,2383,台光電子材料,117000,2.18
2026-02-02,2345,智邦科技,180000,2.14
2026-02-02,3653,健策精密工業,62000,1.91
2026-02-02,6223,旺矽科技,67000,1.84
2026-02-02,2884,玉山金融控股,5227622,1.82
2026-02-02,2881,富邦金融控股,1789575,1.69
2026-02-02,6274,台燿科技,317000,1.64
2026-02-02,3036,文曄科技,1012000,1.61
2026-02-02,6515,穎崴科技,37000,1.57
2026-02-02,3231,緯創資通,1156000,1.55
2026-02-02,3044,健鼎科技,363000,1.48
2026-02-02,2360,致茂電子,146000,1.48
2026-02-02,6805,富世達,97000,1.42
2026-02-02,7769,鴻勁精密,35000,1.37
2026-02-02,2449,京元電子,459000,1.37
2026-02-02,3443,創意電子,47000,1.32
2026-02-02,3264,欣銓科技,794000,1.27
2026-02-02,6442,光紅建聖,71000,1.27
2026-02-02,8996,高力熱處理工業,154000,1.24
2026-02-02,1519,華城電機,118000,1.16
2026-02-02,5234,達興材料,323000,1.11
2026-02-02,1590,亞德客國際集團,85000,1.04
2026-02-02,2379,瑞昱半導體,202000,1.0
2026-02-02,3293,鈊象電子,135000,0.99
2026-02-02,5434,崇越科技,277000,0.93
2026-02-02,5439,高技企業,306000,0.9
2026-02-02,6510,中華精測科技,24000,0.86
2026-02-02,3526,凡甲科技,304000,0.79
2026-02-02,4915,致伸科技,949000,0.76
2026-02-02,2376,技嘉科技,313000,0.74
2026-02-02,5904,寶雅國際,170450,0.71
2026-02-02,2027,大成不銹鋼工業,1720000,0.69
2026-02-02,1477,聚陽實業,162000,0.52
2026-02-02,2327,國巨,186000,0.5
2026-02-02,6584,南俊國際,159000,0.48
2026-02-02,4749,新應材,53000,0.47
2026-02-02,6121,新普科技,107000,0.39
2026-02-02,8114,振樺電子,135000,0.25
2026-02-02,6811,宏碁資訊服務,65000,0.14
2026-02-02,6561,是方電訊,25000,0.08
2026-02-03,2330,台灣積體電路製造,499000,9.13
2026-02-03,2308,台達電子工業,338000,4.17
2026-02-03,2317,鴻海精密工業,1685000,3.71
2026-02-03,2454,聯發科技,203000,3.7
2026-02-03,3017,奇鋐科技,188000,3.12
2026-02-03,2368,金像電子（股）公司,354000,2.72
2026-02-03,3665,貿聯控股（BizLink Holding In,177336,2.54
2026-02-03,6669,緯穎科技服務,67000,2.54
2026-02-03,2891,中國信託金融控股,4814000,2.5
2026-02-03,2059,川湖科技,79000,2.49
2026-02-03,8210,勤誠興業,248000,2.41
2026-02-03,2344,華邦電子,2243000,2.4
2026-02-03,2382,廣達電腦,845000,2.37
2026-02-03,2383,台光電子材料,117000,2.21
2026-02-03,2345,智邦科技,180000,2.17
2026-02-03,2408,南亞科技,741000,2.09
2026-02-03,3653,健策精密工業,62000,1.98
2026-02-03,6223,旺矽科技,67000,1.94
2026-02-03,2884,玉山金融控股,5227622,1.77
2026-02-03,6515,穎崴科技,37000,1.68
2026-02-03,2881,富邦金融控股,1789575,1.67
2026-02-03,6274,台燿科技,317000,1.63
2026-02-03,3036,文曄科技,1012000,1.61
2026-02-03,2360,致茂電子,146000,1.54
2026-02-03,3231,緯創資通,1156000,1.51
2026-02-03,6805,富世達,97000,1.51
2026-02-03,3044,健鼎科技,363000,1.5
2026-02-03,2449,京元電子,459000,1.37
2026-02-03,7769,鴻勁精密,35000,1.37
2026-02-03,6442,光紅建聖,71000,1.32
2026-02-03,3443,創意電子,47000,1.29
2026-02-03,8996,高力熱處理工業,154000,1.28
2026-02-03,3264,欣銓科技,794000,1.25
2026-02-03,1519,華城電機,118000,1.14
2026-02-03,5234,達興材料,323000,1.12
2026-02-03,1590,亞德客國際集團,85000,1.01
2026-02-03,2379,瑞昱半導體,202000,1.0
2026-02-03,3293,鈊象電子,135000,0.96
2026-02-03,5434,崇越科技,277000,0.93
2026-02-03,5439,高技企業,306000,0.93
2026-02-03,6510,中華精測科技,24000,0.92
2026-02-03,3526,凡甲科技,304000,0.81
2026-02-03,4915,致伸科技,949000,0.76
2026-02-03,2376,技嘉科技,313000,0.73
2026-02-03,5904,寶雅國際,170450,0.71
2026-02-03,2027,大成不銹鋼工業,1720000,0.67
2026-02-03,1477,聚陽實業,162000,0.52
2026-02-03,2327,國巨,186000,0.5
2026-02-03,6584,南俊國際,159000,0.5
2026-02-03,4749,新應材,53000,0.45
2026-02-03,6121,新普科技,107000,0.38
2026-02-03,8114,振樺電子,135000,0.25
2026-02-03,6811,宏碁資訊服務,65000,0.13
2026-02-03,6561,是方電訊,25000,0.08
2026-02-04,2330,台灣積體電路製造,508000,8.66
2026-02-04,2308,台達電子工業,338000,3.91
2026-02-04,2317,鴻海精密工業,1827000,3.82
2026-02-04,2454,聯發科技,203000,3.49
2026-02-04,3017,奇鋐科技,188000,3.01
2026-02-04,7769,鴻勁精密,76000,2.76
2026-02-04,2368,金像電子（股）公司,354000,2.7
2026-02-04,6669,緯穎科技服務,72000,2.53
2026-02-04,2891,中國信託金融控股,4814000,2.35
2026-02-04,8210,勤誠興業,248000,2.34
2026-02-04,2344,華邦電子,2243000,2.32
2026-02-04,2059,川湖科技,79000,2.32
2026-02-04,2383,台光電子材料,117000,2.28
2026-02-04,3665,貿聯控股（BizLink Holding In,177336,2.27
2026-02-04,2382,廣達電腦,845000,2.24
2026-02-04,2345,智邦科技,195000,2.21
2026-02-04,2408,南亞科技,741000,2.09
2026-02-04,3653,健策精密工業,62000,1.84
2026-02-04,6223,旺矽科技,67000,1.76
2026-02-04,3231,緯創資通,1378000,1.7
2026-02-04,2884,玉山金融控股,5227622,1.68
2026-02-04,8299,群聯電子,84000,1.65
2026-02-04,6274,台燿科技,317000,1.63
2026-02-04,6515,穎崴科技,37000,1.61
2026-02-04,2881,富邦金融控股,1789575,1.58
2026-02-04,3036,文曄科技,1012000,1.54
2026-02-04,2449,京元電子,542000,1.54
2026-02-04,6805,富世達,104000,1.52
2026-02-04,3044,健鼎科技,363000,1.45
2026-02-04,2360,致茂電子,146000,1.44
2026-02-04,6442,光紅建聖,71000,1.26
2026-02-04,8996,高力熱處理工業,154000,1.25
2026-02-04,3264,欣銓科技,794000,1.17
2026-02-04,3443,創意電子,47000,1.14
2026-02-04,1519,華城電機,118000,1.12
2026-02-04,5234,達興材料,323000,1.08
2026-02-04,1477,聚陽實業,346000,1.03
2026-02-04,3293,鈊象電子,155000,1.02
2026-02-04,1590,亞德客國際集團,85000,0.98
2026-02-04,2379,瑞昱半導體,202000,0.92
2026-02-04,6510,中華精測科技,24000,0.92
2026-02-04,5434,崇越科技,277000,0.87
2026-02-04,4915,致伸科技,1128000,0.84
2026-02-04,3526,凡甲科技,304000,0.75
2026-02-04,5904,寶雅國際,170450,0.69
2026-02-04,2376,技嘉科技,313000,0.68
2026-02-04,2027,大成不銹鋼工業,1720000,0.64
2026-02-04,6584,南俊國際,159000,0.52
2026-02-04,2327,國巨,186000,0.47
2026-02-04,4749,新應材,53000,0.43
2026-02-04,6121,新普科技,54000,0.18
2026-02-04,8114,振樺電子,72000,0.12
2026-02-04,6811,宏碁資訊服務,35000,0.07
2026-02-04,6561,是方電訊,13000,0.04
2026-02-05,2330,台灣積體電路製造,546000,9.11
2026-02-05,2308,台達電子工業,383000,4.16
2026-02-05,2317,鴻海精密工業,1945000,3.96
2026-02-05,2454,聯發科技,203000,3.4
2026-02-05,3017,奇鋐科技,188000,2.9
2026-02-05,7769,鴻勁精密,81000,2.84
2026-02-05,8210,勤誠興業,248000,2.54
2026-02-05,2368,金像電子（股）公司,354000,2.54
2026-02-05,2891,中國信託金融控股,5114000,2.5
2026-02-05,6669,緯穎科技服務,72000,2.46
2026-02-05,2382,廣達電腦,938000,2.42
2026-02-05,2383,台光電子材料,123000,2.27
2026-02-05,2059,川湖科技,79000,2.26
2026-02-05,2344,華邦電子,2243000,2.17
2026-02-05,3665,貿聯控股（BizLink Holding In,177336,2.11
2026-02-05,2345,智邦科技,195000,2.07
2026-02-05,2408,南亞科技,741000,1.93
2026-02-05,3653,健策精密工業,62000,1.76
2026-02-05,6223,旺矽科技,67000,1.74
2026-02-05,2881,富邦金融控股,1930575,1.71
2026-02-05,2884,玉山金融控股,5227622,1.68
2026-02-05,3231,緯創資通,1378000,1.66
2026-02-05,8299,群聯電子,84000,1.6
2026-02-05,6274,台燿科技,317000,1.56
2026-02-05,6515,穎崴科技,37000,1.55
2026-02-05,6805,富世達,104000,1.52
2026-02-05,3036,文曄科技,1012000,1.49
2026-02-05,3044,健鼎科技,399000,1.49
2026-02-05,2360,致茂電子,159000,1.46
2026-02-05,2449,京元電子,542000,1.44
2026-02-05,3264,欣銓科技,908000,1.27
2026-02-05,6442,光紅建聖,71000,1.18
2026-02-05,8996,高力熱處理工業,154000,1.18
2026-02-05,5234,達興材料,323000,1.07
2026-02-05,1519,華城電機,118000,1.07
2026-02-05,1477,聚陽實業,346000,1.04
2026-02-05,3443,創意電子,47000,1.04
2026-02-05,3293,鈊象電子,155000,1.0
2026-02-05,2379,瑞昱半導體,229000,1.0
2026-02-05,1590,亞德客國際集團,85000,1.0
2026-02-05,6510,中華精測科技,24000,0.89
2026-02-05,5434,崇越科技,277000,0.85
2026-02-05,4915,致伸科技,1128000,0.82
2026-02-05,3526,凡甲科技,304000,0.74
2026-02-05,5904,寶雅國際,170450,0.7
2026-02-05,2376,技嘉科技,313000,0.67
2026-02-05,6584,南俊國際,203000,0.67
2026-02-05,2027,大成不銹鋼工業,1720000,0.61
2026-02-05,2327,國巨,186000,0.45
2026-02-05,4749,新應材,53000,0.42
2026-02-06,2330,台灣積體電路製造,563000,9.32
2026-02-06,2308,台達電子工業,383000,4.13
2026-02-06,2317,鴻海精密工業,2004000,4.01
2026-02-06,2454,聯發科技,209000,3.32
2026-02-06,3017,奇鋐科技,194000,2.88
2026-02-06,7769,鴻勁精密,83000,2.85
2026-02-06,2891,中國信託金融控股,5270000,2.53
2026-02-06,2368,金像電子（股）公司,365000,2.53
2026-02-06,2382,廣達電腦,967000,2.51
2026-02-06,6669,緯穎科技服務,74000,2.51
2026-02-06,8210,勤誠興業,256000,2.33
2026-02-06,2345,智邦科技,201000,2.22
2026-02-06,2383,台光電子材料,123000,2.2
2026-02-06,2059,川湖科技,79000,2.17
2026-02-06,3665,貿聯控股（BizLink Holding In,177336,2.12
2026-02-06,2344,華邦電子,2311000,2.1
2026-02-06,2408,南亞科技,764000,1.88
2026-02-06,3653,健策精密工業,64000,1.77
2026-02-06,2881,富邦金融控股,1989575,1.71
2026-02-06,6223,旺矽科技,69000,1.71
2026-02-06,2884,玉山金融控股,5387622,1.7
2026-02-06,3231,緯創資通,1420000,1.7
2026-02-06,6274,台燿科技,327000,1.58
2026-02-06,6515,穎崴科技,37000,1.55
2026-02-06,6805,富世達,107000,1.54
2026-02-06,8299,群聯電子,87000,1.53
2026-02-06,3036,文曄科技,1043000,1.5
2026-02-06,2449,京元電子,559000,1.47
2026-02-06,2360,致茂電子,164000,1.47
2026-02-06,3044,健鼎科技,411000,1.45
2026-02-06,3264,欣銓科技,936000,1.24
2026-02-06,8996,高力熱處理工業,159000,1.19
2026-02-06,6442,光紅建聖,71000,1.12
2026-02-06,5234,達興材料,333000,1.08
2026-02-06,3443,創意電子,48000,1.06
2026-02-06,1477,聚陽實業,357000,1.06
2026-02-06,2379,瑞昱半導體,236000,1.04
2026-02-06,1519,華城電機,122000,1.03
2026-02-06,3293,鈊象電子,160000,1.01
2026-02-06,1590,亞德客國際集團,88000,0.98
2026-02-06,4915,致伸科技,1162000,0.87
2026-02-06,6510,中華精測科技,25000,0.86
2026-02-06,5434,崇越科技,285000,0.85
2026-02-06,3526,凡甲科技,313000,0.77
2026-02-06,5904,寶雅國際,175450,0.7
2026-02-06,2376,技嘉科技,323000,0.68
2026-02-06,6584,南俊國際,209000,0.67
2026-02-06,2027,大成不銹鋼工業,1772000,0.61
2026-02-06,2327,國巨,192000,0.44
2026-02-06,4749,新應材,55000,0.42
